<?xml version="1.0"?>
<doc>
    <assembly>
        <name>Plugin.Permissions</name>
    </assembly>
    <members>
        <member name="T:Plugin.Permissions.CrossPermissions">
            <summary>
            Cross platform Permissions implemenations
            </summary>
        </member>
        <member name="P:Plugin.Permissions.CrossPermissions.Current">
            <summary>
            Current settings to use
            </summary>
        </member>
    </members>
</doc>
